,repo_A,repo_B,repo_C,repo_D
repo_A,0.9807692307692307,0.75,0.7692307692307693,0.7115384615384616
repo_B,0.9615384615384616,1.0,0.9038461538461539,0.8846153846153846
repo_C,0.9230769230769231,0.8269230769230769,0.9807692307692307,0.7115384615384616
repo_D,0.8269230769230769,0.9038461538461539,0.8653846153846154,1.0
