model,reasoning,exploration,implementation,verification,efficiency,robustness
claude-opus-4-20250514,0.10999573742540494,0.0,0.25,0.125,0.75,0.75
gpt-4o,1.0,0.7385214663500408,0.8497058348305252,0.7143719806763286,0.8056750437927332,0.5990712074303406
gpt-5.1,0.0,0.740712517403008,0.688056627869429,0.5972222222222222,0.4948782412032865,0.3967242535611043
o4-mini,0.004347826086956522,0.859353933671166,0.32964753804478675,0.4836956521739131,0.36648842237044044,0.6230690250108152
