model,claude-opus-4-20250514,gpt-4o,gpt-5.1,o4-mini
claude-opus-4-20250514,1.0,-0.5332750027545249,-0.626182901150067,-0.37615412332366877
gpt-4o,-0.5332750027545249,1.0000000000000002,0.0137361418213533,-0.2893403393728793
gpt-5.1,-0.626182901150067,0.0137361418213533,0.9999999999999997,-0.03823750252137897
o4-mini,-0.37615412332366877,-0.2893403393728793,-0.03823750252137897,1.0000000000000004
